{"stats":{"minecraft:mined":{"minecraft:spruce_planks":4,"treechop:chopped_log":1},"minecraft:custom":{"minecraft:time_since_rest":5739,"minecraft:crouch_one_cm":4599,"minecraft:play_time":5739,"minecraft:sprint_one_cm":869,"minecraft:damage_taken":15,"minecraft:walk_one_cm":11259,"minecraft:damage_blocked_by_shield":88,"minecraft:sneak_time":967,"minecraft:mob_kills":5,"minecraft:damage_dealt_resisted":0,"minecraft:jump":20,"minecraft:damage_dealt":992,"minecraft:time_since_death":5739,"minecraft:total_world_time":5739,"minecraft:hex":0,"minecraft:interact_with_crafting_table":4,"minecraft:fall_one_cm":627,"minecraft:fly_one_cm":1102},"minecraft:used":{"minecraft:stick":2,"minecraft:stone_sword":30,"minecraft:crafting_table":1,"minecraft:spruce_planks":19,"minecraft:shield":3},"minecraft:crafted":{"minecraft:crafting_table":1,"minecraft:spruce_planks":32,"minecraft:stick":4},"minecraft:picked_up":{"minecraft:arrow":2,"minecraft:rotten_flesh":4,"minecraft:spruce_planks":3,"minecraft:spruce_sapling":1,"minecraft:spruce_log":8,"twigs:twig":3},"minecraft:killed":{"minecraft:skeleton":1,"minecraft:zombie":4}},"DataVersion":3465}