{"stats":{"minecraft:mined":{"minecraft:spruce_planks":6,"minecraft:spruce_log":2,"treechop:chopped_log":4,"minecraft:crafting_table":1,"minecraft:grass_block":2,"supplementaries:stick":2,"minecraft:coal_ore":24,"minecraft:dirt":3,"minecraft:copper_ore":3,"minecraft:spruce_leaves":2,"minecraft:stone":39},"minecraft:custom":{"minecraft:time_since_rest":17739,"minecraft:sprint_one_cm":1134,"minecraft:damage_taken":23,"minecraft:walk_one_cm":27547,"minecraft:damage_blocked_by_shield":88,"minecraft:mob_kills":5,"minecraft:damage_dealt":992,"minecraft:interact_with_crafting_table":7,"minecraft:fly_one_cm":1345,"minecraft:play_time":17739,"minecraft:crouch_one_cm":13054,"minecraft:sneak_time":3262,"minecraft:jump":59,"minecraft:damage_dealt_resisted":0,"minecraft:time_since_death":17739,"minecraft:total_world_time":17739,"minecraft:hex":0,"minecraft:fall_one_cm":627},"minecraft:used":{"minecraft:stone_sword":30,"minecraft:stone_pickaxe":60,"minecraft:shield":3,"minecraft:spruce_planks":26,"minecraft:wooden_pickaxe":6,"minecraft:torch":2,"minecraft:stone_axe":17,"minecraft:stick":2,"minecraft:dirt":5,"minecraft:crafting_table":2},"minecraft:crafted":{"minecraft:crafting_table":2,"minecraft:spruce_planks":32,"minecraft:stick":20,"minecraft:wooden_pickaxe":1,"minecraft:stone_pickaxe":1,"minecraft:torch":12,"minecraft:stone_axe":1},"minecraft:killed":{"minecraft:skeleton":1,"minecraft:zombie":4},"minecraft:picked_up":{"minecraft:crafting_table":1,"minecraft:stick":16,"minecraft:spruce_sapling":12,"minecraft:spruce_log":21,"minecraft:dirt":26,"minecraft:raw_copper":14,"minecraft:arrow":2,"minecraft:rotten_flesh":4,"minecraft:spruce_planks":7,"twigs:twig":8,"minecraft:coal":24,"minecraft:cobblestone":35}},"DataVersion":3465}