{"stats":{"minecraft:mined":{"minecraft:spruce_planks":6,"minecraft:iron_ore":21,"minecraft:spruce_log":2,"minecraft:clay":1,"treechop:chopped_log":4,"minecraft:torch":2,"minecraft:glow_lichen":2,"minecraft:crafting_table":3,"minecraft:granite":15,"minecraft:grass_block":2,"supplementaries:stick":2,"minecraft:coal_ore":28,"minecraft:gravel":6,"minecraft:dirt":3,"minecraft:copper_ore":4,"minecraft:smooth_basalt":4,"minecraft:spruce_leaves":2,"minecraft:lapis_ore":2,"minecraft:stone":184,"minecraft:diorite":15,"minecraft:wall_torch":1},"minecraft:custom":{"minecraft:time_since_rest":29739,"minecraft:interact_with_furnace":1,"minecraft:sprint_one_cm":4099,"minecraft:damage_taken":72,"minecraft:walk_one_cm":60550,"minecraft:damage_blocked_by_shield":253,"minecraft:mob_kills":7,"minecraft:damage_dealt":1342,"minecraft:interact_with_crafting_table":10,"minecraft:fly_one_cm":5566,"minecraft:play_time":29739,"minecraft:crouch_one_cm":20590,"minecraft:sneak_time":6530,"minecraft:walk_under_water_one_cm":605,"minecraft:jump":163,"minecraft:damage_dealt_resisted":0,"minecraft:walk_on_water_one_cm":2137,"minecraft:time_since_death":29739,"minecraft:total_world_time":29739,"minecraft:hex":0,"minecraft:fall_one_cm":2001},"minecraft:used":{"minecraft:stone_sword":36,"minecraft:stone_pickaxe":271,"minecraft:shield":10,"minecraft:spruce_planks":26,"minecraft:wooden_pickaxe":6,"minecraft:torch":25,"minecraft:stone_axe":19,"minecraft:stick":2,"minecraft:dirt":11,"minecraft:crafting_table":5,"minecraft:furnace":1},"minecraft:crafted":{"minecraft:crafting_table":2,"minecraft:spruce_planks":32,"minecraft:stick":20,"minecraft:wooden_pickaxe":1,"minecraft:stone_pickaxe":3,"minecraft:furnace":1,"minecraft:torch":40,"minecraft:stone_axe":1},"minecraft:killed":{"minecraft:skeleton":3,"minecraft:zombie":4},"minecraft:picked_up":{"minecraft:raw_iron":21,"minecraft:crafting_table":3,"minecraft:stick":16,"minecraft:smooth_basalt":4,"minecraft:clay_ball":4,"minecraft:torch":6,"minecraft:gravel":5,"minecraft:flint":1,"minecraft:spruce_sapling":12,"minecraft:diorite":15,"minecraft:spruce_log":21,"minecraft:lapis_lazuli":28,"minecraft:dirt":26,"minecraft:raw_copper":16,"minecraft:bone":1,"minecraft:arrow":3,"minecraft:rotten_flesh":4,"twigs:pebble":3,"minecraft:spruce_planks":7,"minecraft:granite":18,"twigs:twig":8,"minecraft:coal":30,"minecraft:cobblestone":199},"minecraft:broken":{"minecraft:stone_pickaxe":2}},"DataVersion":3465}