{"stats":{"minecraft:mined":{"minecraft:tuff":35,"minecraft:spruce_planks":6,"minecraft:crafting_table":3,"minecraft:clay":1,"minecraft:glow_lichen":2,"minecraft:torch":2,"minecraft:granite":21,"minecraft:grass_block":2,"minecraft:copper_ore":4,"minecraft:spruce_leaves":3,"minecraft:lapis_ore":2,"minecraft:diorite":15,"minecraft:wall_torch":1,"minecraft:iron_ore":21,"minecraft:spruce_log":2,"minecraft:andesite":24,"treechop:chopped_log":5,"minecraft:grass":1,"supplementaries:stick":2,"minecraft:coal_ore":28,"minecraft:gravel":10,"minecraft:dirt":4,"minecraft:smooth_basalt":4,"minecraft:stone":192,"minecraft:deepslate":40},"minecraft:custom":{"minecraft:interact_with_furnace":5,"minecraft:mob_kills":8,"minecraft:interact_with_crafting_table":16,"minecraft:damage_dealt_resisted":0,"minecraft:time_since_death":41739,"minecraft:hex":0,"minecraft:time_since_rest":41739,"minecraft:sprint_one_cm":17071,"minecraft:damage_taken":72,"minecraft:walk_one_cm":97400,"minecraft:damage_blocked_by_shield":253,"minecraft:damage_dealt":1462,"minecraft:talked_to_villager":2,"minecraft:swim_one_cm":899,"minecraft:fly_one_cm":19092,"minecraft:crouch_one_cm":23389,"minecraft:play_time":41739,"minecraft:sneak_time":8069,"minecraft:walk_under_water_one_cm":1408,"minecraft:jump":380,"minecraft:walk_on_water_one_cm":2685,"minecraft:total_world_time":41739,"minecraft:fall_one_cm":4691},"minecraft:used":{"minecraft:stone_sword":38,"minecraft:stone_pickaxe":271,"minecraft:wooden_pickaxe":6,"minecraft:spruce_planks":26,"minecraft:shield":10,"minecraft:stick":2,"minecraft:torch":33,"minecraft:dirt":11,"minecraft:crafting_table":6,"minecraft:bread":2,"minecraft:iron_pickaxe":119,"minecraft:stone_axe":27,"minecraft:furnace":1,"minecraft:andesite":13,"minecraft:cobbled_deepslate":8},"minecraft:killed":{"minecraft:skeleton":3,"friendsandfoes:glare":1,"minecraft:zombie":4},"minecraft:crafted":{"minecraft:crafting_table":3,"minecraft:spruce_planks":84,"minecraft:wooden_pickaxe":1,"minecraft:furnace":1,"minecraft:stone_axe":1,"minecraft:air":0,"minecraft:iron_chestplate":1,"minecraft:stick":24,"minecraft:iron_ingot":16,"minecraft:iron_pickaxe":2,"minecraft:stone_pickaxe":3,"minecraft:torch":40},"minecraft:picked_up":{"minecraft:crafting_table":3,"minecraft:clay_ball":4,"minecraft:andesite":24,"minecraft:flint":1,"minecraft:tuff":35,"minecraft:lapis_lazuli":28,"minecraft:dirt":27,"minecraft:raw_copper":16,"minecraft:bone":1,"minecraft:cobbled_deepslate":40,"minecraft:spruce_planks":7,"twigs:pebble":3,"twigs:twig":9,"minecraft:stick":16,"minecraft:raw_iron":21,"minecraft:smooth_basalt":4,"minecraft:torch":6,"minecraft:gravel":9,"minecraft:spruce_sapling":14,"minecraft:diorite":15,"minecraft:spruce_log":30,"minecraft:arrow":3,"minecraft:rotten_flesh":4,"minecraft:granite":24,"minecraft:glow_berries":4,"minecraft:coal":30,"minecraft:cobblestone":207},"minecraft:broken":{"minecraft:stone_pickaxe":2}},"DataVersion":3465}