{"stats":{"minecraft:dropped":{"twigs:pebble":3,"minecraft:rotten_flesh":4},"minecraft:mined":{"minecraft:spruce_planks":1,"minecraft:iron_ore":18,"minecraft:spruce_log":4,"minecraft:clay":4,"treechop:chopped_log":2,"minecraft:granite":3,"minecraft:coal_ore":16,"minecraft:gravel":16,"minecraft:dirt":2,"minecraft:copper_ore":3,"minecraft:lapis_ore":3,"minecraft:stone":102,"minecraft:diorite":8,"minecraft:wall_torch":5},"minecraft:custom":{"minecraft:time_since_rest":29010,"minecraft:interact_with_furnace":1,"minecraft:sprint_one_cm":15272,"minecraft:damage_taken":77,"minecraft:walk_one_cm":52867,"minecraft:mob_kills":2,"minecraft:drop":7,"minecraft:damage_dealt":470,"minecraft:swim_one_cm":358,"minecraft:interact_with_crafting_table":7,"minecraft:fly_one_cm":5611,"minecraft:crouch_one_cm":13397,"minecraft:play_time":29010,"minecraft:sneak_time":4129,"minecraft:walk_under_water_one_cm":792,"minecraft:jump":128,"minecraft:walk_on_water_one_cm":3690,"minecraft:time_since_death":29010,"minecraft:climb_one_cm":220,"minecraft:total_world_time":29010,"minecraft:hex":0,"minecraft:fall_one_cm":1921},"minecraft:used":{"minecraft:wooden_axe":11,"minecraft:stone_sword":5,"minecraft:bread":2,"minecraft:stone_pickaxe":169,"minecraft:wooden_pickaxe":9,"minecraft:spruce_sapling":7,"minecraft:gravel":5,"minecraft:stone_axe":2,"twigs:twig":3,"minecraft:torch":49,"minecraft:dirt":2,"minecraft:cobblestone":3,"minecraft:crafting_table":3,"minecraft:furnace":1},"minecraft:crafted":{"minecraft:crafting_table":3,"minecraft:spruce_planks":48,"minecraft:stick":28,"minecraft:wooden_pickaxe":1,"minecraft:stone_pickaxe":3,"minecraft:wooden_axe":1,"minecraft:furnace":1,"minecraft:torch":56,"minecraft:stone_axe":1},"minecraft:killed":{"minecraft:skeleton":1,"friendsandfoes:glare":1},"minecraft:picked_up":{"minecraft:raw_iron":18,"minecraft:clay_ball":16,"minecraft:torch":3,"minecraft:gravel":15,"minecraft:flint":1,"minecraft:spruce_sapling":7,"minecraft:diorite":8,"minecraft:spruce_log":12,"minecraft:lapis_lazuli":9,"minecraft:dirt":2,"minecraft:raw_copper":14,"minecraft:bone":1,"minecraft:rotten_flesh":4,"twigs:pebble":11,"minecraft:spruce_planks":2,"twigs:twig":3,"minecraft:glow_berries":1,"minecraft:coal":14,"minecraft:cobblestone":87},"minecraft:broken":{"minecraft:stone_pickaxe":1}},"DataVersion":3465}