{"stats":{"minecraft:dropped":{"minecraft:rotten_flesh":4},"minecraft:mined":{"minecraft:spruce_planks":1,"minecraft:dirt":2,"minecraft:stone":16,"minecraft:spruce_log":4,"treechop:chopped_log":2},"minecraft:custom":{"minecraft:time_since_rest":17010,"minecraft:crouch_one_cm":1137,"minecraft:play_time":17010,"minecraft:sprint_one_cm":6363,"minecraft:damage_taken":8,"minecraft:walk_one_cm":14807,"minecraft:sneak_time":435,"minecraft:drop":4,"minecraft:jump":37,"minecraft:damage_dealt":135,"minecraft:time_since_death":17010,"minecraft:total_world_time":17010,"minecraft:hex":0,"minecraft:interact_with_crafting_table":5,"minecraft:fall_one_cm":269,"minecraft:fly_one_cm":1560},"minecraft:used":{"minecraft:stone_axe":1,"minecraft:wooden_axe":11,"minecraft:dirt":2,"minecraft:crafting_table":2,"minecraft:stone_pickaxe":8,"minecraft:wooden_pickaxe":9,"minecraft:spruce_sapling":7},"minecraft:crafted":{"minecraft:stone_axe":1,"minecraft:crafting_table":2,"minecraft:spruce_planks":48,"minecraft:stick":12,"minecraft:stone_pickaxe":2,"minecraft:wooden_pickaxe":1,"minecraft:wooden_axe":1},"minecraft:picked_up":{"minecraft:rotten_flesh":4,"minecraft:spruce_planks":2,"minecraft:spruce_sapling":7,"minecraft:spruce_log":12,"twigs:twig":3,"minecraft:dirt":2,"minecraft:cobblestone":16}},"DataVersion":3465}