{"stats":{"minecraft:crafted":{"minecraft:crafting_table":3,"minecraft:spruce_planks":48,"minecraft:wooden_pickaxe":1,"minecraft:iron_helmet":1,"minecraft:furnace":1,"minecraft:stone_axe":1,"minecraft:air":0,"minecraft:iron_boots":1,"minecraft:iron_chestplate":1,"minecraft:iron_axe":1,"minecraft:stick":32,"minecraft:iron_ingot":18,"minecraft:iron_pickaxe":1,"minecraft:stone_pickaxe":3,"minecraft:wooden_axe":1,"minecraft:torch":56},"minecraft:custom":{"lootr:looted_stat":3,"minecraft:interact_with_furnace":14,"minecraft:mob_kills":24,"minecraft:interact_with_crafting_table":18,"minecraft:time_since_death":58557,"minecraft:climb_one_cm":1100,"minecraft:hex":0,"minecraft:time_since_rest":58557,"minecraft:sprint_one_cm":41634,"minecraft:damage_taken":407,"minecraft:walk_one_cm":134365,"minecraft:damage_blocked_by_shield":538,"minecraft:drop":21,"minecraft:damage_dealt":3996,"minecraft:swim_one_cm":3094,"minecraft:fly_one_cm":56406,"minecraft:crouch_one_cm":15938,"minecraft:play_time":58557,"minecraft:sneak_time":4938,"minecraft:walk_under_water_one_cm":5457,"minecraft:jump":674,"minecraft:walk_on_water_one_cm":8221,"minecraft:total_world_time":58557,"minecraft:fall_one_cm":10801},"minecraft:picked_up":{"minecraft:crafting_table":2,"minecraft:clay_ball":16,"minecraft:flint":1,"minecraft:lapis_lazuli":9,"minecraft:dirt":2,"minecraft:raw_copper":14,"minecraft:bone":6,"mythicmobs:chupacabra_raw_meat":1,"minecraft:spruce_planks":8,"twigs:pebble":11,"twigs:twig":4,"minecraft:mossy_stone_brick_stairs":1,"minecraft:furnace":2,"minecraft:raw_iron":18,"minecraft:big_dripleaf":2,"minecraft:torch":3,"minecraft:gravel":15,"minecraft:jungle_planks":1,"minecraft:porkchop":4,"minecraft:spruce_sapling":8,"minecraft:diorite":8,"minecraft:spruce_log":12,"minecraft:spider_eye":2,"minecraft:arrow":6,"minecraft:rotten_flesh":9,"minecraft:netherrack":42,"minecraft:glow_berries":5,"minecraft:mutton":1,"minecraft:coal":14,"minecraft:white_wool":1,"minecraft:cobblestone":87},"minecraft:killed":{"minecraft:pig":3,"minecraft:spider":2,"minecraft:sheep":1,"minecraft:skeleton":4,"derelict:spiderling":1,"friendsandfoes:glare":5,"tinyskeletons:baby_skeleton":1,"minecraft:zombie":6,"mythicmobs:chupacabra":1},"minecraft:used":{"minecraft:stone_sword":19,"minecraft:stone_pickaxe":169,"minecraft:shield":17,"minecraft:spruce_planks":5,"minecraft:wooden_pickaxe":9,"minecraft:torch":59,"minecraft:dirt":2,"mcdw:sword_rapier":107,"minecraft:mutton":1,"minecraft:crafting_table":4,"minecraft:jungle_planks":1,"minecraft:big_dripleaf":2,"minecraft:wooden_axe":11,"minecraft:iron_axe":21,"minecraft:bread":9,"minecraft:iron_pickaxe":68,"minecraft:spruce_sapling":7,"minecraft:gravel":5,"twigs:twig":3,"minecraft:stone_axe":2,"minecraft:cobblestone":41,"minecraft:furnace":1},"minecraft:dropped":{"minecraft:gravel":10,"minecraft:stone_axe":1,"minecraft:lapis_lazuli":9,"minecraft:stone_sword":1,"minecraft:raw_copper":14,"minecraft:glow_berries":4,"minecraft:rotten_flesh":4,"minecraft:clay_ball":16,"twigs:pebble":11,"minecraft:diorite":8,"minecraft:stone_pickaxe":2},"minecraft:broken":{"minecraft:stone_pickaxe":1},"minecraft:mined":{"minecraft:spruce_planks":7,"minecraft:clay":5,"minecraft:crafting_table":2,"minecraft:granite":4,"minecraft:jungle_planks":1,"minecraft:copper_ore":3,"minecraft:spruce_leaves":3,"minecraft:lapis_ore":3,"minecraft:diorite":8,"minecraft:wall_torch":5,"minecraft:big_dripleaf":1,"minecraft:furnace":2,"minecraft:iron_ore":18,"minecraft:ice":17,"minecraft:spruce_log":4,"treechop:chopped_log":2,"minecraft:mossy_stone_brick_stairs":1,"minecraft:coal_ore":16,"minecraft:gravel":16,"minecraft:dirt":2,"minecraft:stone":102,"minecraft:netherrack":48}},"DataVersion":3465}